/*
SQLyog Ultimate v12.5.1 (64 bit)
MySQL - 8.0.23 : Database - check_data
*********************************************************************
*/

/*!40101 SET NAMES utf8 */;

/*!40101 SET SQL_MODE=''*/;

/*!40014 SET @OLD_UNIQUE_CHECKS=@@UNIQUE_CHECKS, UNIQUE_CHECKS=0 */;
/*!40014 SET @OLD_FOREIGN_KEY_CHECKS=@@FOREIGN_KEY_CHECKS, FOREIGN_KEY_CHECKS=0 */;
/*!40101 SET @OLD_SQL_MODE=@@SQL_MODE, SQL_MODE='NO_AUTO_VALUE_ON_ZERO' */;
/*!40111 SET @OLD_SQL_NOTES=@@SQL_NOTES, SQL_NOTES=0 */;
CREATE DATABASE /*!32312 IF NOT EXISTS*/`check_data` /*!40100 DEFAULT CHARACTER SET utf8mb4 COLLATE utf8mb4_0900_ai_ci */ /*!80016 DEFAULT ENCRYPTION='N' */;

USE `check_data`;

/*Data for the table `t_class_design` */

/*Data for the table `t_class_tea` */

insert  into `t_class_tea`(`id`,`class_name`,`tea_id`,`create_time`,`update_time`) values 
(20,'电子信息2019-4班','00005459','2021-10-26 16:04:40','2021-10-26 16:04:40'),
(21,'电子信息2019-5班','00005459','2021-10-26 16:04:56','2021-10-26 16:04:56'),
(22,'电子信息2019-6班','00005459','2021-10-26 16:05:12','2021-10-26 16:05:12');

/*Data for the table `t_class_work` */

insert  into `t_class_work`(`id`,`class_id`,`work_id`,`tea_id`,`end_time`,`create_time`,`update_time`) values 
(140,20,29,'00005459','2021-11-04 00:00:00','2021-10-29 09:50:03','2021-10-29 09:50:03'),
(141,21,29,'00005459','2021-11-04 00:00:00','2021-10-29 09:50:03','2021-10-29 09:50:03'),
(142,22,29,'00005459','2021-11-04 00:00:00','2021-10-29 09:50:03','2021-10-29 09:50:03');

/*Data for the table `t_design_result` */

/*Data for the table `t_menus` */

insert  into `t_menus`(`menu_id`,`menu_rid`,`menu_url`,`menu_path`,`menu_name`,`menu_component`,`menu_pid`) values 
(1,1,'/admin','/admin','管理员菜单','AdminHome',0),
(2,2,'/teacher','/teacher','教师菜单','TeacherHome',0),
(3,3,'/student','/student','学生菜单','StudentHome',0),
(4,1,'/admin/user','/admin','用户管理','AdminUser',1),
(6,2,'/teacher/class','/teacher','班级管理','TeacherClass',2),
(7,2,'/teacher/work','/teacher','作业管理','TeacherWork',2),
(8,3,'/student/work','/student','作业查询','StudentWork',3),
(9,3,'/student/design','/student','课程设计','StudentDesign',3),
(10,2,'/teacher/design','/teacher','课程设计管理','TeacherDesign',2),
(11,3,'/student/info','/student','个人信息','StudentInfo',3);

/*Data for the table `t_role_url` */

insert  into `t_role_url`(`id`,`role_name`,`role_url`) values 
(1,'管理员','/admin/**'),
(2,'教师','/teacher/**'),
(3,'学生','/student/**');

/*Data for the table `t_stu_design` */

/*Data for the table `t_stu_group` */

/*Data for the table `t_stu_work` */

insert  into `t_stu_work`(`id`,`work_id`,`class_id`,`stu_id`,`work_name`,`work_url`,`work_ext`,`pdf_name`,`pdf_path`,`is_commit`,`is_checked`,`tea_score`,`tea_opinion`,`create_time`,`update_time`) values 
(574,29,20,'03191135','未提交',NULL,NULL,'未提交',NULL,'未提交',0,-1,NULL,'2021-10-29 09:50:03','2021-10-29 09:50:03'),
(575,29,20,'04171233','未提交',NULL,NULL,'未提交',NULL,'未提交',0,-1,NULL,'2021-10-29 09:50:03','2021-10-29 09:50:03'),
(576,29,20,'04171435','电子信息2019-4班-04171435-王子琦.py','/check_resource/00005459/第2章作业/code/电子信息2019-4班-04171435-王子琦.py','py','电子信息2019-4班-04171435-王子琦.pdf','/check_resource/00005459/第2章作业/pdf/电子信息2019-4班-04171435-王子琦.pdf','按时提交',0,-1,NULL,'2021-10-29 09:50:03','2021-11-03 23:08:16'),
(577,29,20,'04191150','未提交',NULL,NULL,'未提交',NULL,'未提交',0,-1,NULL,'2021-10-29 09:50:03','2021-10-29 09:50:03'),
(578,29,20,'04191153','未提交',NULL,NULL,'未提交',NULL,'未提交',0,-1,NULL,'2021-10-29 09:50:03','2021-10-29 09:50:03'),
(579,29,20,'04191154','未提交',NULL,NULL,'未提交',NULL,'未提交',0,-1,NULL,'2021-10-29 09:50:03','2021-10-29 09:50:03'),
(580,29,20,'04191170','未提交',NULL,NULL,'未提交',NULL,'未提交',0,-1,NULL,'2021-10-29 09:50:03','2021-10-29 09:50:03'),
(581,29,20,'04191185','未提交',NULL,NULL,'未提交',NULL,'未提交',1,-1,NULL,'2021-10-29 09:50:03','2021-11-04 01:12:45'),
(582,29,20,'04191186','电子信息2019-4班-04191186-王帆.cpp','/check_resource/00005459/第2章作业/code/电子信息2019-4班-04191186-王帆.cpp','cpp','电子信息2019-4班-04191186-王帆.pdf','/check_resource/00005459/第2章作业/pdf/电子信息2019-4班-04191186-王帆.pdf','按时提交',0,-1,NULL,'2021-10-29 09:50:03','2021-11-03 20:48:44'),
(583,29,20,'04191207','电子信息2019-4班-04191207-黄俊森.cpp','/check_resource/00005459/第2章作业/code/电子信息2019-4班-04191207-黄俊森.cpp','cpp','电子信息2019-4班-04191207-黄俊森.pdf','/check_resource/00005459/第2章作业/pdf/电子信息2019-4班-04191207-黄俊森.pdf','按时提交',0,-1,NULL,'2021-10-29 09:50:03','2021-11-03 22:25:21'),
(584,29,20,'04191215','电子信息2019-4班-04191215-王彤彤.cpp','/check_resource/00005459/第2章作业/code/电子信息2019-4班-04191215-王彤彤.cpp','cpp','电子信息2019-4班-04191215-王彤彤.pdf','/check_resource/00005459/第2章作业/pdf/电子信息2019-4班-04191215-王彤彤.pdf','按时提交',0,-1,NULL,'2021-10-29 09:50:03','2021-11-03 22:37:28'),
(585,29,20,'04191247','未提交',NULL,NULL,'未提交',NULL,'未提交',0,-1,NULL,'2021-10-29 09:50:03','2021-10-29 09:50:03'),
(586,29,20,'04191251','未提交','','','未提交','','未提交',0,-1,NULL,'2021-10-29 09:50:03','2021-11-03 22:58:21'),
(587,29,20,'04191262','未提交',NULL,NULL,'未提交',NULL,'未提交',0,-1,NULL,'2021-10-29 09:50:03','2021-10-29 09:50:03'),
(588,29,20,'04191263','未提交',NULL,NULL,'未提交',NULL,'未提交',0,-1,NULL,'2021-10-29 09:50:03','2021-10-29 09:50:03'),
(589,29,20,'04191273','电子信息2019-4班-04191273-胡宇霄.cpp','/check_resource/00005459/第2章作业/code/电子信息2019-4班-04191273-胡宇霄.cpp','cpp','电子信息2019-4班-04191273-胡宇霄.pdf','/check_resource/00005459/第2章作业/pdf/电子信息2019-4班-04191273-胡宇霄.pdf','按时提交',0,-1,NULL,'2021-10-29 09:50:03','2021-11-03 22:54:30'),
(590,29,20,'04191310','未提交',NULL,NULL,'未提交',NULL,'未提交',0,-1,NULL,'2021-10-29 09:50:03','2021-10-29 09:50:03'),
(591,29,20,'04191336','未提交','','','未提交','','未提交',0,-1,NULL,'2021-10-29 09:50:03','2021-11-03 22:51:26'),
(592,29,20,'04191357','未提交',NULL,NULL,'未提交',NULL,'未提交',0,-1,NULL,'2021-10-29 09:50:03','2021-10-29 09:50:03'),
(593,29,20,'04191389','未提交',NULL,NULL,'未提交',NULL,'未提交',0,-1,NULL,'2021-10-29 09:50:03','2021-10-29 09:50:03'),
(594,29,20,'04191409','未提交',NULL,NULL,'未提交',NULL,'未提交',0,-1,NULL,'2021-10-29 09:50:03','2021-10-29 09:50:03'),
(595,29,20,'04191419','未提交',NULL,NULL,'未提交',NULL,'未提交',0,-1,NULL,'2021-10-29 09:50:03','2021-10-29 09:50:03'),
(596,29,20,'04191429','电子信息2019-4班-04191429-汤宇涵.cpp','/check_resource/00005459/第2章作业/code/电子信息2019-4班-04191429-汤宇涵.cpp','cpp','电子信息2019-4班-04191429-汤宇涵.pdf','/check_resource/00005459/第2章作业/pdf/电子信息2019-4班-04191429-汤宇涵.pdf','按时提交',0,-1,NULL,'2021-10-29 09:50:03','2021-11-03 22:41:59'),
(597,29,20,'04191430','电子信息2019-4班-04191430-陈可林.cpp','/check_resource/00005459/第2章作业/code/电子信息2019-4班-04191430-陈可林.cpp','cpp','电子信息2019-4班-04191430-陈可林.pdf','/check_resource/00005459/第2章作业/pdf/电子信息2019-4班-04191430-陈可林.pdf','按时提交',0,-1,NULL,'2021-10-29 09:50:03','2021-11-03 22:11:36'),
(598,29,20,'04191433','未提交','','','未提交','','未提交',0,-1,NULL,'2021-10-29 09:50:03','2021-11-03 22:52:11'),
(599,29,20,'04191435','电子信息2019-4班-04191435-李宏淇.cpp','/check_resource/00005459/第2章作业/code/电子信息2019-4班-04191435-李宏淇.cpp','cpp','电子信息2019-4班-04191435-李宏淇.pdf','/check_resource/00005459/第2章作业/pdf/电子信息2019-4班-04191435-李宏淇.pdf','按时提交',0,-1,NULL,'2021-10-29 09:50:03','2021-11-03 22:25:37'),
(600,29,20,'04191436','电子信息2019-4班-04191436-陈耀栋.cpp','/check_resource/00005459/第2章作业/code/电子信息2019-4班-04191436-陈耀栋.cpp','cpp','电子信息2019-4班-04191436-陈耀栋.pdf','/check_resource/00005459/第2章作业/pdf/电子信息2019-4班-04191436-陈耀栋.pdf','按时提交',0,-1,NULL,'2021-10-29 09:50:03','2021-11-03 22:39:30'),
(601,29,20,'04191449','电子信息2019-4班-04191449-彭昊.java','/check_resource/00005459/第2章作业/code/电子信息2019-4班-04191449-彭昊.java','java','电子信息2019-4班-04191449-彭昊.pdf','/check_resource/00005459/第2章作业/pdf/电子信息2019-4班-04191449-彭昊.pdf','超时提交',0,-1,NULL,'2021-10-29 09:50:03','2021-11-04 00:08:32'),
(602,29,20,'04191466','未提交',NULL,NULL,'未提交',NULL,'未提交',0,-1,NULL,'2021-10-29 09:50:03','2021-10-29 09:50:03'),
(603,29,20,'04191512','电子信息2019-4班-04191512-马思颖.cpp','/check_resource/00005459/第2章作业/code/电子信息2019-4班-04191512-马思颖.cpp','cpp','电子信息2019-4班-04191512-马思颖.pdf','/check_resource/00005459/第2章作业/pdf/电子信息2019-4班-04191512-马思颖.pdf','按时提交',1,-1,NULL,'2021-10-29 09:50:03','2021-11-03 22:56:47'),
(604,29,20,'04191534','未提交',NULL,NULL,'未提交',NULL,'未提交',1,-1,NULL,'2021-10-29 09:50:03','2021-11-03 22:17:32'),
(605,29,20,'06192124','未提交',NULL,NULL,'未提交',NULL,'未提交',0,-1,NULL,'2021-10-29 09:50:03','2021-10-29 09:50:03'),
(606,29,21,'02190680','电子信息2019-5班-02190680-张飞扬.cpp','/check_resource/00005459/第2章作业/code/电子信息2019-5班-02190680-张飞扬.cpp','cpp','电子信息2019-5班-02190680-张飞扬.pdf','/check_resource/00005459/第2章作业/pdf/电子信息2019-5班-02190680-张飞扬.pdf','按时提交',0,-1,NULL,'2021-10-29 09:50:03','2021-11-03 22:05:47'),
(607,29,21,'04191155','未提交',NULL,NULL,'未提交',NULL,'未提交',0,-1,NULL,'2021-10-29 09:50:03','2021-10-29 09:50:03'),
(608,29,21,'04191158','未提交',NULL,NULL,'未提交',NULL,'未提交',0,-1,NULL,'2021-10-29 09:50:03','2021-10-29 09:50:03'),
(609,29,21,'04191160','电子信息2019-5班-04191160-胥俊怀.cpp','/check_resource/00005459/第2章作业/code/电子信息2019-5班-04191160-胥俊怀.cpp','cpp','电子信息2019-5班-04191160-胥俊怀.pdf','/check_resource/00005459/第2章作业/pdf/电子信息2019-5班-04191160-胥俊怀.pdf','按时提交',0,-1,NULL,'2021-10-29 09:50:03','2021-11-03 22:38:09'),
(610,29,21,'04191190','电子信息2019-5班-04191190-李俊良.c','/check_resource/00005459/第2章作业/code/电子信息2019-5班-04191190-李俊良.c','c','未提交',NULL,'超时提交',0,-1,NULL,'2021-10-29 09:50:03','2021-11-04 00:18:48'),
(611,29,21,'04191193','电子信息2019-5班-04191193-周小凇.c','/check_resource/00005459/第2章作业/code/电子信息2019-5班-04191193-周小凇.c','c','电子信息2019-5班-04191193-周小凇.pdf','/check_resource/00005459/第2章作业/pdf/电子信息2019-5班-04191193-周小凇.pdf','超时提交',0,-1,NULL,'2021-10-29 09:50:03','2021-11-04 01:00:30'),
(612,29,21,'04191195','未提交','','','未提交','','未提交',0,-1,NULL,'2021-10-29 09:50:03','2021-11-03 22:39:12'),
(613,29,21,'04191198','未提交',NULL,NULL,'未提交',NULL,'未提交',0,-1,NULL,'2021-10-29 09:50:03','2021-10-29 09:50:03'),
(614,29,21,'04191216','未提交',NULL,NULL,'未提交',NULL,'未提交',1,-1,NULL,'2021-10-29 09:50:03','2021-11-03 22:51:06'),
(615,29,21,'04191230','电子信息2019-5班-04191230-高天宇.cpp','/check_resource/00005459/第2章作业/code/电子信息2019-5班-04191230-高天宇.cpp','cpp','电子信息2019-5班-04191230-高天宇.pdf','/check_resource/00005459/第2章作业/pdf/电子信息2019-5班-04191230-高天宇.pdf','按时提交',0,-1,NULL,'2021-10-29 09:50:03','2021-11-03 22:47:25'),
(616,29,21,'04191232','电子信息2019-5班-04191232-陈梓恺.cpp','/check_resource/00005459/第2章作业/code/电子信息2019-5班-04191232-陈梓恺.cpp','cpp','电子信息2019-5班-04191232-陈梓恺.pdf','/check_resource/00005459/第2章作业/pdf/电子信息2019-5班-04191232-陈梓恺.pdf','按时提交',0,-1,NULL,'2021-10-29 09:50:03','2021-11-03 22:14:14'),
(617,29,21,'04191233','电子信息2019-5班-04191233-肖家杨.cpp','/check_resource/00005459/第2章作业/code/电子信息2019-5班-04191233-肖家杨.cpp','cpp','电子信息2019-5班-04191233-肖家杨.pdf','/check_resource/00005459/第2章作业/pdf/电子信息2019-5班-04191233-肖家杨.pdf','按时提交',0,-1,NULL,'2021-10-29 09:50:03','2021-11-03 22:02:04'),
(618,29,21,'04191235','未提交','','','未提交','','未提交',0,-1,NULL,'2021-10-29 09:50:03','2021-11-03 23:02:34'),
(619,29,21,'04191244','电子信息2019-5班-04191244-张菁华.c','/check_resource/00005459/第2章作业/code/电子信息2019-5班-04191244-张菁华.c','c','电子信息2019-5班-04191244-张菁华.pdf','/check_resource/00005459/第2章作业/pdf/电子信息2019-5班-04191244-张菁华.pdf','超时提交',0,-1,NULL,'2021-10-29 09:50:03','2021-11-04 10:40:05'),
(620,29,21,'04191246','电子信息2019-5班-04191246-梁树青.cpp','/check_resource/00005459/第2章作业/code/电子信息2019-5班-04191246-梁树青.cpp','cpp','电子信息2019-5班-04191246-梁树青.pdf','/check_resource/00005459/第2章作业/pdf/电子信息2019-5班-04191246-梁树青.pdf','按时提交',0,-1,NULL,'2021-10-29 09:50:03','2021-11-03 21:49:50'),
(621,29,21,'04191253','电子信息2019-5班-04191253-姜筱巍.cpp','/check_resource/00005459/第2章作业/code/电子信息2019-5班-04191253-姜筱巍.cpp','cpp','电子信息2019-5班-04191253-姜筱巍.pdf','/check_resource/00005459/第2章作业/pdf/电子信息2019-5班-04191253-姜筱巍.pdf','按时提交',0,-1,NULL,'2021-10-29 09:50:03','2021-11-03 17:45:02'),
(622,29,21,'04191254','电子信息2019-5班-04191254-卓厚贤.cpp','/check_resource/00005459/第2章作业/code/电子信息2019-5班-04191254-卓厚贤.cpp','cpp','电子信息2019-5班-04191254-卓厚贤.pdf','/check_resource/00005459/第2章作业/pdf/电子信息2019-5班-04191254-卓厚贤.pdf','按时提交',0,-1,NULL,'2021-10-29 09:50:03','2021-11-03 20:20:22'),
(623,29,21,'04191306','未提交',NULL,NULL,'未提交',NULL,'未提交',0,-1,NULL,'2021-10-29 09:50:03','2021-10-29 09:50:03'),
(624,29,21,'04191315','未提交',NULL,NULL,'未提交',NULL,'未提交',0,-1,NULL,'2021-10-29 09:50:03','2021-10-29 09:50:03'),
(625,29,21,'04191332','未提交',NULL,NULL,'未提交',NULL,'未提交',0,-1,NULL,'2021-10-29 09:50:03','2021-10-29 09:50:03'),
(626,29,21,'04191362','未提交',NULL,NULL,'未提交',NULL,'未提交',0,-1,NULL,'2021-10-29 09:50:03','2021-10-29 09:50:03'),
(627,29,21,'04191368','电子信息2019-5班-04191368-张益博.cpp','/check_resource/00005459/第2章作业/code/电子信息2019-5班-04191368-张益博.cpp','cpp','电子信息2019-5班-04191368-张益博.pdf','/check_resource/00005459/第2章作业/pdf/电子信息2019-5班-04191368-张益博.pdf','按时提交',0,-1,NULL,'2021-10-29 09:50:03','2021-10-31 20:28:15'),
(628,29,21,'04191402','未提交',NULL,NULL,'未提交',NULL,'未提交',0,-1,NULL,'2021-10-29 09:50:03','2021-10-29 09:50:03'),
(629,29,21,'04191418','电子信息2019-5班-04191418-徐祗凯.cpp','/check_resource/00005459/第2章作业/code/电子信息2019-5班-04191418-徐祗凯.cpp','cpp','电子信息2019-5班-04191418-徐祗凯.pdf','/check_resource/00005459/第2章作业/pdf/电子信息2019-5班-04191418-徐祗凯.pdf','按时提交',0,-1,NULL,'2021-10-29 09:50:03','2021-11-02 09:21:59'),
(630,29,21,'04191426','电子信息2019-5班-04191426-袁佳惠.cpp','/check_resource/00005459/第2章作业/code/电子信息2019-5班-04191426-袁佳惠.cpp','cpp','电子信息2019-5班-04191426-袁佳惠.pdf','/check_resource/00005459/第2章作业/pdf/电子信息2019-5班-04191426-袁佳惠.pdf','按时提交',0,-1,NULL,'2021-10-29 09:50:03','2021-11-03 23:06:02'),
(631,29,21,'04191450','未提交',NULL,NULL,'未提交',NULL,'未提交',0,-1,NULL,'2021-10-29 09:50:03','2021-10-29 09:50:03'),
(632,29,21,'04191459','未提交',NULL,NULL,'未提交',NULL,'未提交',0,-1,NULL,'2021-10-29 09:50:03','2021-10-29 09:50:03'),
(633,29,21,'04191460','未提交',NULL,NULL,'未提交',NULL,'未提交',0,-1,NULL,'2021-10-29 09:50:03','2021-10-29 09:50:03'),
(634,29,21,'04191461','未提交','','','未提交','','未提交',1,-1,NULL,'2021-10-29 09:50:03','2021-11-03 22:49:24'),
(635,29,21,'04191514','电子信息2019-5班-04191514-李蓝馨.cpp','/check_resource/00005459/第2章作业/code/电子信息2019-5班-04191514-李蓝馨.cpp','cpp','电子信息2019-5班-04191514-李蓝馨.pdf','/check_resource/00005459/第2章作业/pdf/电子信息2019-5班-04191514-李蓝馨.pdf','按时提交',0,-1,NULL,'2021-10-29 09:50:03','2021-11-03 15:35:32'),
(636,29,21,'05191617','未提交',NULL,NULL,'未提交',NULL,'未提交',0,-1,NULL,'2021-10-29 09:50:03','2021-10-29 09:50:03'),
(637,29,21,'06192206','电子信息2019-5班-06192206-王瑶.cpp','/check_resource/00005459/第2章作业/code/电子信息2019-5班-06192206-王瑶.cpp','cpp','电子信息2019-5班-06192206-王瑶.pdf','/check_resource/00005459/第2章作业/pdf/电子信息2019-5班-06192206-王瑶.pdf','按时提交',0,-1,NULL,'2021-10-29 09:50:03','2021-11-03 16:55:18'),
(638,29,21,'09193322','未提交',NULL,NULL,'未提交',NULL,'未提交',0,-1,NULL,'2021-10-29 09:50:03','2021-10-29 09:50:03'),
(639,29,21,'14194471','未提交',NULL,NULL,'未提交',NULL,'未提交',0,-1,NULL,'2021-10-29 09:50:03','2021-10-29 09:50:03'),
(640,29,22,'03190862','电子信息2019-6班-03190862-孙文泽.cpp','/check_resource/00005459/第2章作业/code/电子信息2019-6班-03190862-孙文泽.cpp','cpp','电子信息2019-6班-03190862-孙文泽.pdf','/check_resource/00005459/第2章作业/pdf/电子信息2019-6班-03190862-孙文泽.pdf','按时提交',0,-1,NULL,'2021-10-29 09:50:03','2021-11-03 22:16:39'),
(641,29,22,'04161341','未提交',NULL,NULL,'未提交',NULL,'未提交',0,-1,NULL,'2021-10-29 09:50:03','2021-10-29 09:50:03'),
(642,29,22,'04171149','未提交',NULL,NULL,'未提交',NULL,'未提交',0,-1,NULL,'2021-10-29 09:50:03','2021-10-29 09:50:03'),
(643,29,22,'04171447','未提交',NULL,NULL,'未提交',NULL,'未提交',0,-1,NULL,'2021-10-29 09:50:03','2021-10-29 09:50:03'),
(644,29,22,'04181205','电子信息2019-6班-04181205-傅琳雅.cpp','/check_resource/00005459/第2章作业/code/电子信息2019-6班-04181205-傅琳雅.cpp','cpp','电子信息2019-6班-04181205-傅琳雅.pdf','/check_resource/00005459/第2章作业/pdf/电子信息2019-6班-04181205-傅琳雅.pdf','按时提交',0,-1,NULL,'2021-10-29 09:50:03','2021-11-03 22:53:24'),
(645,29,22,'04181312','电子信息2019-6班-04181312-韩月普.cpp','/check_resource/00005459/第2章作业/code/电子信息2019-6班-04181312-韩月普.cpp','cpp','电子信息2019-6班-04181312-韩月普.pdf','/check_resource/00005459/第2章作业/pdf/电子信息2019-6班-04181312-韩月普.pdf','按时提交',0,-1,NULL,'2021-10-29 09:50:03','2021-11-03 19:25:52'),
(646,29,22,'04181485','电子信息2019-6班-04181485-苏振华.cpp','/check_resource/00005459/第2章作业/code/电子信息2019-6班-04181485-苏振华.cpp','cpp','电子信息2019-6班-04181485-苏振华.pdf','/check_resource/00005459/第2章作业/pdf/电子信息2019-6班-04181485-苏振华.pdf','按时提交',0,-1,NULL,'2021-10-29 09:50:03','2021-11-03 16:14:01'),
(647,29,22,'04191183','电子信息2019-6班-04191183-段晨曦.cpp','/check_resource/00005459/第2章作业/code/电子信息2019-6班-04191183-段晨曦.cpp','cpp','电子信息2019-6班-04191183-段晨曦.pdf','/check_resource/00005459/第2章作业/pdf/电子信息2019-6班-04191183-段晨曦.pdf','按时提交',0,-1,NULL,'2021-10-29 09:50:03','2021-11-03 20:30:25'),
(648,29,22,'04191194','电子信息2019-6班-04191194-乔宇.c','/check_resource/00005459/第2章作业/code/电子信息2019-6班-04191194-乔宇.c','c','电子信息2019-6班-04191194-乔宇.pdf','/check_resource/00005459/第2章作业/pdf/电子信息2019-6班-04191194-乔宇.pdf','超时提交',0,-1,NULL,'2021-10-29 09:50:03','2021-11-04 00:42:39'),
(649,29,22,'04191221','电子信息2019-6班-04191221-张锦鹏.cpp','/check_resource/00005459/第2章作业/code/电子信息2019-6班-04191221-张锦鹏.cpp','cpp','电子信息2019-6班-04191221-张锦鹏.pdf','/check_resource/00005459/第2章作业/pdf/电子信息2019-6班-04191221-张锦鹏.pdf','按时提交',0,-1,NULL,'2021-10-29 09:50:03','2021-11-03 20:56:38'),
(650,29,22,'04191238','未提交',NULL,NULL,'未提交',NULL,'未提交',1,-1,NULL,'2021-10-29 09:50:03','2021-11-03 22:36:04'),
(651,29,22,'04191255','电子信息2019-6班-04191255-陈宇龙.cpp','/check_resource/00005459/第2章作业/code/电子信息2019-6班-04191255-陈宇龙.cpp','cpp','电子信息2019-6班-04191255-陈宇龙.pdf','/check_resource/00005459/第2章作业/pdf/电子信息2019-6班-04191255-陈宇龙.pdf','按时提交',0,-1,NULL,'2021-10-29 09:50:03','2021-11-03 20:21:13'),
(652,29,22,'04191260','未提交',NULL,NULL,'未提交',NULL,'未提交',1,-1,NULL,'2021-10-29 09:50:03','2021-11-03 22:36:48'),
(653,29,22,'04191272','未提交',NULL,NULL,'未提交',NULL,'未提交',1,-1,NULL,'2021-10-29 09:50:03','2021-11-03 22:48:56'),
(654,29,22,'04191278','电子信息2019-6班-04191278-朱麒润.cpp','/check_resource/00005459/第2章作业/code/电子信息2019-6班-04191278-朱麒润.cpp','cpp','电子信息2019-6班-04191278-朱麒润.pdf','/check_resource/00005459/第2章作业/pdf/电子信息2019-6班-04191278-朱麒润.pdf','按时提交',0,-1,NULL,'2021-10-29 09:50:03','2021-11-03 19:54:14'),
(655,29,22,'04191280','未提交',NULL,NULL,'未提交',NULL,'未提交',0,-1,NULL,'2021-10-29 09:50:03','2021-10-29 09:50:03'),
(656,29,22,'04191299','电子信息2019-6班-04191299-陈闯康.cpp','/check_resource/00005459/第2章作业/code/电子信息2019-6班-04191299-陈闯康.cpp','cpp','电子信息2019-6班-04191299-陈闯康.pdf','/check_resource/00005459/第2章作业/pdf/电子信息2019-6班-04191299-陈闯康.pdf','按时提交',0,-1,NULL,'2021-10-29 09:50:03','2021-11-03 19:43:04'),
(657,29,22,'04191302','未提交',NULL,NULL,'未提交',NULL,'未提交',0,-1,NULL,'2021-10-29 09:50:03','2021-10-29 09:50:03'),
(658,29,22,'04191322','未提交','','','未提交','','未提交',0,-1,NULL,'2021-10-29 09:50:03','2021-11-04 00:28:28'),
(659,29,22,'04191324','未提交','','','未提交','','未提交',0,-1,NULL,'2021-10-29 09:50:03','2021-11-03 22:46:19'),
(660,29,22,'04191343','电子信息2019-6班-04191343-米昱霖.cpp','/check_resource/00005459/第2章作业/code/电子信息2019-6班-04191343-米昱霖.cpp','cpp','电子信息2019-6班-04191343-米昱霖.pdf','/check_resource/00005459/第2章作业/pdf/电子信息2019-6班-04191343-米昱霖.pdf','按时提交',0,-1,NULL,'2021-10-29 09:50:03','2021-11-03 16:18:41'),
(661,29,22,'04191345','电子信息2019-6班-04191345-何源潮.cpp','/check_resource/00005459/第2章作业/code/电子信息2019-6班-04191345-何源潮.cpp','cpp','电子信息2019-6班-04191345-何源潮.pdf','/check_resource/00005459/第2章作业/pdf/电子信息2019-6班-04191345-何源潮.pdf','按时提交',0,-1,NULL,'2021-10-29 09:50:03','2021-11-03 22:05:04'),
(662,29,22,'04191360','未提交',NULL,NULL,'未提交',NULL,'未提交',0,-1,NULL,'2021-10-29 09:50:03','2021-10-29 09:50:03'),
(663,29,22,'04191371','未提交',NULL,NULL,'未提交',NULL,'未提交',0,-1,NULL,'2021-10-29 09:50:03','2021-10-29 09:50:03'),
(664,29,22,'04191373','未提交',NULL,NULL,'未提交',NULL,'未提交',0,-1,NULL,'2021-10-29 09:50:03','2021-10-29 09:50:03'),
(665,29,22,'04191383','电子信息2019-6班-04191383-赫战鑫.cpp','/check_resource/00005459/第2章作业/code/电子信息2019-6班-04191383-赫战鑫.cpp','cpp','电子信息2019-6班-04191383-赫战鑫.pdf','/check_resource/00005459/第2章作业/pdf/电子信息2019-6班-04191383-赫战鑫.pdf','按时提交',0,-1,NULL,'2021-10-29 09:50:03','2021-11-03 22:09:34'),
(666,29,22,'04191387','未提交',NULL,NULL,'未提交',NULL,'未提交',0,-1,NULL,'2021-10-29 09:50:03','2021-10-29 09:50:03'),
(667,29,22,'04191391','未提交',NULL,NULL,'未提交',NULL,'未提交',1,-1,NULL,'2021-10-29 09:50:03','2021-11-03 23:18:10'),
(668,29,22,'04191394','未提交',NULL,NULL,'未提交',NULL,'未提交',0,-1,NULL,'2021-10-29 09:50:03','2021-10-29 09:50:03'),
(669,29,22,'04191405','未提交',NULL,NULL,'未提交',NULL,'未提交',0,-1,NULL,'2021-10-29 09:50:03','2021-10-29 09:50:03'),
(670,29,22,'04191465','未提交',NULL,NULL,'未提交',NULL,'未提交',0,-1,NULL,'2021-10-29 09:50:03','2021-10-29 09:50:03'),
(671,29,22,'04191486','未提交',NULL,NULL,'未提交',NULL,'未提交',0,-1,NULL,'2021-10-29 09:50:03','2021-10-29 09:50:03'),
(672,29,22,'04191510','电子信息2019-6班-04191510-邓海容.cpp','/check_resource/00005459/第2章作业/code/电子信息2019-6班-04191510-邓海容.cpp','cpp','电子信息2019-6班-04191510-邓海容.pdf','/check_resource/00005459/第2章作业/pdf/电子信息2019-6班-04191510-邓海容.pdf','按时提交',0,-1,NULL,'2021-10-29 09:50:03','2021-11-03 16:27:57'),
(673,29,22,'04191515','电子信息2019-6班-04191515-张培媛.cpp','/check_resource/00005459/第2章作业/code/电子信息2019-6班-04191515-张培媛.cpp','cpp','电子信息2019-6班-04191515-张培媛.pdf','/check_resource/00005459/第2章作业/pdf/电子信息2019-6班-04191515-张培媛.pdf','按时提交',0,-1,NULL,'2021-10-29 09:50:03','2021-11-03 22:35:22'),
(674,29,22,'04191538','未提交',NULL,NULL,'未提交',NULL,'未提交',0,-1,NULL,'2021-10-29 09:50:03','2021-10-29 09:50:03'),
(675,29,22,'04191540','未提交',NULL,NULL,'未提交',NULL,'未提交',0,-1,NULL,'2021-10-29 09:50:03','2021-10-29 09:50:03'),
(676,29,22,'14194469','未提交',NULL,NULL,'未提交',NULL,'未提交',0,-1,NULL,'2021-10-29 09:50:03','2021-10-29 09:50:03'),
(677,29,22,'17195164','电子信息2019-6班-17195164-张耀元.cpp','/check_resource/00005459/第2章作业/code/电子信息2019-6班-17195164-张耀元.cpp','cpp','电子信息2019-6班-17195164-张耀元.pdf','/check_resource/00005459/第2章作业/pdf/电子信息2019-6班-17195164-张耀元.pdf','按时提交',0,-1,NULL,'2021-10-29 09:50:03','2021-11-03 20:37:44'),
(678,29,22,'17195273','未提交',NULL,NULL,'未提交',NULL,'未提交',0,-1,NULL,'2021-10-29 09:50:03','2021-10-29 09:50:03');

/*Data for the table `t_student` */

insert  into `t_student`(`stu_id`,`stu_name`,`stu_phone`,`stu_qq`,`stu_mail`,`stu_class_id`,`is_group`,`create_time`,`update_time`) values 
('02190680','张飞扬','19816252513','1144988194',NULL,21,0,'2021-10-26 16:57:53','2021-10-29 17:04:21'),
('03190862','孙文泽','13092323233','1030788738',NULL,22,0,'2021-10-26 18:20:29','2021-10-29 22:13:36'),
('03191135',NULL,NULL,NULL,NULL,20,0,'2021-10-26 16:44:01','2021-10-26 16:44:01'),
('04161341','张宇淼','18252432357','357202745',NULL,22,0,'2021-10-26 18:22:18','2021-10-31 21:45:48'),
('04171149','赵晓宇','15150029636','869259663',NULL,22,0,'2021-10-26 18:22:18','2021-10-29 10:49:15'),
('04171233','曹云鹏','19899831752','1940068767',NULL,20,0,'2021-10-26 16:51:54','2021-10-30 08:46:13'),
('04171435','王子琦','18899612794','354067469',NULL,20,0,'2021-10-26 16:51:54','2021-10-30 12:48:35'),
('04171447','陈函希','15605201923','2224263972',NULL,22,0,'2021-10-26 18:20:29','2021-10-29 12:06:30'),
('04181205','傅琳雅','18329034547','458861620',NULL,22,0,'2021-10-26 18:22:18','2021-10-30 10:01:45'),
('04181312','韩月普','13182319277','1147759558',NULL,22,0,'2021-10-26 18:22:18','2021-11-01 14:41:31'),
('04181485','苏振华','19851623132','3320165738',NULL,22,0,'2021-10-26 18:22:18','2021-10-29 12:12:12'),
('04191150','朱小玉','13195575700','2849303552',NULL,20,0,'2021-10-26 16:51:54','2021-11-03 21:43:36'),
('04191153','刘禹杉','19816258613','953053134',NULL,20,0,'2021-10-26 16:51:54','2021-10-30 12:49:00'),
('04191154','李祎婧','15529231082','2364640582',NULL,20,0,'2021-10-26 16:51:54','2021-10-29 12:31:36'),
('04191155','朱志文','19852128528','1413721116',NULL,21,0,'2021-10-26 16:57:53','2021-10-29 16:09:56'),
('04191158','王隽泽','18105010811','362713347',NULL,21,0,'2021-10-26 16:57:53','2021-11-03 19:36:39'),
('04191160','胥俊怀','13145218336','2450351634',NULL,21,0,'2021-10-26 16:57:53','2021-10-29 15:59:39'),
('04191170','李鑫晶','13270232925','935687369',NULL,20,0,'2021-10-26 16:51:54','2021-11-03 14:57:59'),
('04191183','段晨曦','15896592821',NULL,NULL,22,0,'2021-10-26 18:20:29','2021-11-03 16:28:53'),
('04191185','樊珊沛玲','18651351912','1344559470',NULL,20,0,'2021-10-26 16:51:54','2021-10-30 11:15:41'),
('04191186','王帆','13013972618','2847549299',NULL,20,0,'2021-10-26 16:51:54','2021-10-29 09:55:49'),
('04191190','李俊良','13063533969','2387937249',NULL,21,0,'2021-10-26 16:57:53','2021-10-29 12:10:56'),
('04191193','周小凇','13013976779','2914927281@qq.com',NULL,21,0,'2021-10-26 16:57:53','2021-10-29 20:04:16'),
('04191194','乔宇','15052281001','1668597080',NULL,22,0,'2021-10-26 18:20:29','2021-10-29 11:27:46'),
('04191195','陈宇峰','15962827099','1343615290',NULL,21,0,'2021-10-26 16:57:53','2021-11-03 16:35:42'),
('04191198','耿培先','15505190863','2496680847',NULL,21,0,'2021-10-26 16:57:53','2021-10-29 10:20:57'),
('04191207','黄俊森','13276596357','2298203336',NULL,20,0,'2021-10-26 16:51:55','2021-10-29 10:08:28'),
('04191215','王彤彤','15076252012','2629284953',NULL,20,0,'2021-10-26 16:51:55','2021-10-29 10:01:09'),
('04191216','赵春媛','18369719573','8851512770',NULL,21,0,'2021-10-26 16:57:53','2021-10-29 09:59:56'),
('04191221','张锦鹏','19852094411','1740402781',NULL,22,0,'2021-10-26 18:20:29','2021-10-29 11:33:34'),
('04191230','高天宇','18919604709','1148697611',NULL,21,0,'2021-10-26 16:57:53','2021-10-29 10:09:52'),
('04191232','陈梓恺','19816256682','452152006',NULL,21,0,'2021-10-26 16:57:53','2021-10-29 10:42:52'),
('04191233','肖家杨','19937219907','2807175506',NULL,21,0,'2021-10-26 16:57:53','2021-10-29 10:16:36'),
('04191235','陈润泽','13218579170','952272617',NULL,21,0,'2021-10-26 16:57:53','2021-11-02 12:40:07'),
('04191238','董俊彤','13561129048','904348089',NULL,22,0,'2021-10-26 18:20:29','2021-11-04 12:45:49'),
('04191244','张菁华','18348098615','403280027',NULL,21,0,'2021-10-26 16:57:53','2021-10-29 19:21:08'),
('04191246','梁树青','15505199326','3135780259',NULL,21,0,'2021-10-26 16:57:53','2021-11-03 21:18:48'),
('04191247','关建华','15505187612','1722928846',NULL,20,0,'2021-10-26 16:51:55','2021-11-03 22:28:34'),
('04191251','魏代宇辰','19852127658','1964784045',NULL,20,0,'2021-10-26 16:51:55','2021-10-29 10:06:10'),
('04191253','姜筱巍','19852128155','1219159508',NULL,21,0,'2021-10-26 16:57:53','2021-10-29 09:56:52'),
('04191254','卓厚贤','18952161528','2782507583',NULL,21,0,'2021-10-26 16:57:53','2021-10-30 15:02:24'),
('04191255','陈宇龙','13056346125','1378343712',NULL,22,0,'2021-10-26 18:20:29','2021-10-29 09:59:20'),
('04191260','杨德业','19951601856','1697400092',NULL,22,0,'2021-10-26 18:20:29','2021-10-29 11:07:12'),
('04191262','石硕洋',NULL,NULL,NULL,20,0,'2021-10-26 16:51:55','2021-10-30 00:21:56'),
('04191263','史赛赛','13056296116','2936008103',NULL,20,0,'2021-10-26 16:51:55','2021-10-30 11:59:21'),
('04191272','张芝铭','13160289630','2116379685',NULL,22,0,'2021-10-26 18:20:29','2021-10-29 10:03:03'),
('04191273','胡宇霄','19852127218','1779750111',NULL,20,0,'2021-10-26 16:51:55','2021-10-29 10:12:25'),
('04191278','朱麒润','15817339692','1099282558',NULL,22,0,'2021-10-26 18:20:29','2021-10-29 09:58:03'),
('04191280','赵亚东','18088912998','1406279052',NULL,22,0,'2021-10-26 18:20:29','2021-10-29 10:04:04'),
('04191299','陈闯康','19852127807','2873923524',NULL,22,0,'2021-10-26 18:20:29','2021-10-30 09:26:13'),
('04191302','李双双',NULL,NULL,NULL,22,0,'2021-10-26 18:20:29','2021-10-29 12:50:38'),
('04191306','毕凯悦','13869066187','1360604952',NULL,21,0,'2021-10-26 16:57:53','2021-10-29 09:57:58'),
('04191310','吴世佳','15170573278','1935661175',NULL,20,0,'2021-10-26 16:51:55','2021-10-29 22:04:18'),
('04191315','杨振一','17313630614','1090912934',NULL,21,0,'2021-10-26 16:57:53','2021-10-29 23:27:56'),
('04191322','朱凯','13291001237','1139514750',NULL,22,0,'2021-10-26 18:20:29','2021-11-03 21:10:26'),
('04191324','张育玮','13270337955','526493237',NULL,22,0,'2021-10-26 18:20:29','2021-10-29 09:58:04'),
('04191332','张筱涵','13771219906','734276123',NULL,21,0,'2021-10-26 16:57:54','2021-10-29 10:02:53'),
('04191336','禚佳轩','19811783788','1653426803',NULL,20,0,'2021-10-26 16:51:55','2021-10-29 13:52:24'),
('04191343','米昱霖','13013977287','1069748452',NULL,22,0,'2021-10-26 18:20:29','2021-10-29 22:07:04'),
('04191345','何源潮','19852127095','2453795089',NULL,22,0,'2021-10-26 18:20:29','2021-10-29 10:21:09'),
('04191357','董世鹏','19852126721','3345852153',NULL,20,0,'2021-10-26 16:51:55','2021-10-29 09:57:48'),
('04191360','曾睿','13179711980','1713144159',NULL,22,0,'2021-10-26 18:20:29','2021-10-31 19:26:24'),
('04191362','黄晓凌','',NULL,NULL,21,0,'2021-10-26 16:57:54','2021-10-31 10:21:49'),
('04191368','张益博','','1106445760',NULL,21,0,'2021-10-26 16:57:54','2021-10-29 18:56:30'),
('04191371','张才铭','13026239923','494529681',NULL,22,0,'2021-10-26 18:20:29','2021-10-29 10:02:10'),
('04191373','庄浩南','13013983883','2414625329',NULL,22,0,'2021-10-26 18:20:29','2021-10-29 22:16:16'),
('04191383','赫战鑫','16696921665','2598376232',NULL,22,0,'2021-10-26 18:22:18','2021-10-29 09:57:16'),
('04191387','孙伟航','13697600986','1317508290',NULL,22,0,'2021-10-26 18:20:29','2021-10-29 19:53:32'),
('04191389',NULL,NULL,NULL,NULL,20,0,'2021-10-26 16:51:55','2021-10-26 16:51:55'),
('04191391','陈璐','15257927632','1084270044',NULL,22,0,'2021-10-26 18:20:29','2021-10-29 13:15:46'),
('04191394','武文轩','19816255617','2261836770',NULL,22,0,'2021-10-26 18:20:29','2021-10-30 11:39:42'),
('04191402','孙林辉',NULL,NULL,NULL,21,0,'2021-10-26 16:57:54','2021-11-01 16:11:55'),
('04191405','郭蔚然','13903407721','425685356',NULL,22,0,'2021-10-26 18:20:29','2021-10-31 08:44:32'),
('04191409','骆毅','19816251273','596983504',NULL,20,0,'2021-10-26 16:51:55','2021-10-30 01:53:31'),
('04191418','徐祗凯','19816253072','1593064956',NULL,21,0,'2021-10-26 16:57:54','2021-10-29 10:10:21'),
('04191419','谭枞','13574069920','750128253',NULL,20,0,'2021-10-26 16:51:55','2021-11-03 19:50:08'),
('04191426','袁佳惠','19852126986','1315258191',NULL,21,0,'2021-10-26 16:57:54','2021-10-30 13:05:28'),
('04191429','汤宇涵','18723809927','944763694',NULL,20,0,'2021-10-26 16:51:55','2021-10-29 10:00:16'),
('04191430','陈可林','19852128150','1151715532',NULL,20,0,'2021-10-26 16:51:55','2021-10-29 10:00:22'),
('04191433','张瑞','19852093334','1203684114',NULL,20,0,'2021-10-26 16:51:55','2021-11-03 21:16:27'),
('04191435','李宏淇','17712984785','1477200239',NULL,20,0,'2021-10-26 16:51:55','2021-11-01 16:11:38'),
('04191436','陈耀栋',NULL,NULL,NULL,20,0,'2021-10-26 16:51:55','2021-10-29 09:57:51'),
('04191449','彭昊','15505152977','2385365770',NULL,20,0,'2021-10-26 16:51:55','2021-10-29 10:00:05'),
('04191450','唐新宇','18174672708','1603594533',NULL,21,0,'2021-10-26 16:57:54','2021-10-31 13:09:55'),
('04191459','周巳喆','15823976017','3608424074',NULL,21,0,'2021-10-26 16:57:54','2021-10-30 10:41:21'),
('04191460','王庆红','15505179303','1060040543',NULL,21,0,'2021-10-26 16:57:54','2021-10-29 10:17:29'),
('04191461','王耀宗','19852769910','1732124324',NULL,21,0,'2021-10-26 16:57:54','2021-10-30 10:42:11'),
('04191465','柴铮','15835978371','504736606',NULL,22,0,'2021-10-26 18:20:29','2021-10-31 16:02:11'),
('04191466','胡晨博','19816251160','487826835',NULL,20,0,'2021-10-26 16:51:55','2021-10-29 10:46:31'),
('04191486','崔博言','18031923072','1451107157',NULL,22,0,'2021-10-26 18:22:18','2021-11-03 14:58:26'),
('04191510','邓海容','18975291172','1624593950',NULL,22,0,'2021-10-26 18:20:29','2021-10-29 10:11:34'),
('04191512','马思颖','18361468692','2846459425',NULL,20,0,'2021-10-26 16:51:55','2021-10-29 10:03:56'),
('04191514','李蓝馨','17712447263','2835410439',NULL,21,0,'2021-10-26 16:57:54','2021-10-30 10:14:55'),
('04191515','张培媛','15027720885','1914778839',NULL,22,0,'2021-10-26 18:20:29','2021-10-29 09:59:44'),
('04191534','龚炽',NULL,NULL,NULL,20,0,'2021-10-26 16:51:55','2021-10-29 10:10:25'),
('04191538','黄雷超','19852129113','919444587',NULL,22,0,'2021-10-26 18:22:18','2021-10-29 22:59:43'),
('04191540','马鸿飞','13070631781','2596219821',NULL,22,0,'2021-10-26 18:22:18','2021-10-29 13:36:13'),
('05191617','赵茂智','13145218516','751858089',NULL,21,0,'2021-10-26 16:57:54','2021-11-01 16:11:08'),
('06192124','刘伟','19816240010','3202050094',NULL,20,0,'2021-10-26 16:51:55','2021-10-29 20:52:33'),
('06192206','王瑶','13785380104','1806569166',NULL,21,0,'2021-10-26 16:57:54','2021-10-29 10:04:17'),
('09193322','聂同','19826089532','3410802753',NULL,21,0,'2021-10-26 16:57:54','2021-10-29 10:48:10'),
('14194469','李苏雅','19895285685','306953603',NULL,22,0,'2021-10-26 18:22:18','2021-10-29 10:54:17'),
('14194471','马菁华','13013290813','2927980107',NULL,21,0,'2021-10-26 16:57:54','2021-10-29 12:41:26'),
('17195164','张耀元','15151201652','1173335492',NULL,22,0,'2021-10-26 18:20:29','2021-10-29 14:10:07'),
('17195273','李孙笑何','18252102537','3618958372',NULL,22,0,'2021-10-26 18:22:18','2021-11-03 14:58:26');

/*Data for the table `t_tea_design` */

/*Data for the table `t_tea_work` */

insert  into `t_tea_work`(`work_id`,`tea_id`,`work_title`,`work_describe`,`work_dir`,`create_time`,`update_time`) values 
(29,'00005459','第2章作业','null','/check_resource/00005459/第2章作业','2021-10-29 09:49:29','2021-10-29 09:50:03');

/*Data for the table `t_teacher` */

insert  into `t_teacher`(`tea_id`,`tea_name`,`tea_phone`,`tea_qq`,`tea_mail`,`create_time`,`update_time`) values 
('00005459',NULL,NULL,NULL,NULL,'2021-10-26 15:58:58','2021-10-26 15:58:58');

/*Data for the table `t_user` */

insert  into `t_user`(`username`,`password`,`user_role_id`,`create_time`,`update_time`) values 
('00005459','$2a$10$5qcX2TpoVPtxfVTPl7AQvuI65awNRrjPaTE5x/8MOXw4T/A53dEbK',2,'2021-10-26 15:58:58','2021-10-26 15:58:58'),
('02190680','$2a$10$pMaTKr1Jt/8hvy0zJlCgm.wWlPS2spWb1I79vEm53U4u.JX/lHoJO',3,'2021-10-26 16:57:50','2021-10-26 16:57:50'),
('03190862','$2a$10$JBGSAVtfekiX5QZGMr90WOhpS36191hDj5JO7G6fkBbc4ejI2mIL6',3,'2021-10-26 18:20:25','2021-10-26 18:20:25'),
('04161341','$2a$10$z8ubZp8y0MyrRpnWmE9pt.iALehS5hcOK1hO8heU8k1MO.zVvR58K',3,'2021-10-26 18:22:17','2021-10-26 18:22:17'),
('04171149','$2a$10$qerIBfpf.sXUeXcdnZ8FCeSivuvtlX7fhHjxQ/TKwd7rgw2s/tAr.',3,'2021-10-26 18:22:17','2021-10-26 18:22:17'),
('04171233','$2a$10$PC5FjpJbfpQzv.T1gfj.euuGgeiCCaKhVky3kLlhPCEnpS2wc0Qvq',3,'2021-10-26 16:51:51','2021-10-26 16:51:51'),
('04171435','$2a$10$J1AYVgY2CIp/s4fb6bHBneCAYm4XTscSN6xoRf2XZh2wEMXCJsaui',3,'2021-10-26 16:51:51','2021-10-26 16:51:51'),
('04171447','$2a$10$4Gne.65dg3JkRNVlr6bMtO4yqySO4ze8PM9XU4l2.lQaRWQPuV7Nu',3,'2021-10-26 18:20:25','2021-10-26 18:20:25'),
('04180000','$2a$10$R8mbigPfUXWikD5MhV/fu.8yC8QfVdD/rCE5jvvXo7sAWTwCs7uFS',1,NULL,'2021-03-09 13:52:22'),
('04181205','$2a$10$hOVoloYSngStsB7I0bD1.uZHpXLtSRMisaBtNsnp18R0OUqHeHjge',3,'2021-10-26 18:22:17','2021-10-26 18:22:17'),
('04181312','$2a$10$xWr2vT/RzXrSY7KSusEGCuprleIzggKlYhKbL4MdoJZVs4V4TjjsO',3,'2021-10-26 18:22:17','2021-10-26 18:22:17'),
('04181485','$2a$10$KZI1GMPQ81wkiuWfFaXY7.kC9rFW.Pq9jBQYdKz022WqsybLYGJla',3,'2021-10-26 18:22:17','2021-10-26 18:22:17'),
('04191150','$2a$10$lRgR86f3C/Ed7AT1/A7Jt.tQnN/c9dVbmgliUYlKig15g5pDMY8iq',3,'2021-10-26 16:51:51','2021-10-26 16:51:51'),
('04191153','$2a$10$5rDCsRAb7kvr4w0M3xBZBONn6M/y.ID1wIRpRHlDm831NhUzB7SuS',3,'2021-10-26 16:51:51','2021-10-26 16:51:51'),
('04191154','$2a$10$SbeOB6/3juLqMkqjx0fgeOkjNHF3IzbkEAM/R5ROgPfgjATysLVGO',3,'2021-10-26 16:51:51','2021-10-26 16:51:51'),
('04191155','$2a$10$z4qdV9btHeQDLMS4vh5QPO1gbp0kj6Yl126bL9cex.Nl.vqqwVe52',3,'2021-10-26 16:57:50','2021-10-26 16:57:50'),
('04191158','$2a$10$KWt40RN6ofrvokx5.AAyMOJx/EBcBkobIVPVlAAHJnOyfagQ6BQsi',3,'2021-10-26 16:57:50','2021-10-26 16:57:50'),
('04191160','$2a$10$.1FbyBjAFx/yXqZ8./UypefUvjPRce0t5FzZySTLu1LYebhqGEmYO',3,'2021-10-26 16:57:50','2021-10-26 16:57:50'),
('04191170','$2a$10$xSKSgxXYkybrFPKvtQmCUe0LplWhINQv428txi5usK7NEInvywnHm',3,'2021-10-26 16:51:52','2021-10-26 16:51:52'),
('04191183','$2a$10$iRrRxUc8Ej25i1/JgS8sWO4DnHMFAm.eb12jXmsw4fUGKDBdmTfFi',3,'2021-10-26 18:20:26','2021-11-03 16:29:35'),
('04191185','$2a$10$n4k978xzQLNb2EyjSbTaZO8qaSg9elu0Zg6Hq8PX1r5rByKUpho0.',3,'2021-10-26 16:51:52','2021-10-26 16:51:52'),
('04191186','$2a$10$0uVLd0LIWTkvHtffZDWqpeYVgJfsgMv29J.LgyN2dC.I67UtuCuHq',3,'2021-10-26 16:51:52','2021-10-26 16:51:52'),
('04191190','$2a$10$/2IkmrjMgBfg.GKumBBuOuEnC1XU0uIyTEkIi6Hqcs9sh4Kdvkn/S',3,'2021-10-26 16:57:50','2021-10-26 16:57:50'),
('04191193','$2a$10$75GPCsHtmmshFbDQx/038OCl8IWTwjoebEO8dn7IC1/wfde7vMEIK',3,'2021-10-26 16:57:50','2021-10-26 16:57:50'),
('04191194','$2a$10$pHcHpc3SDVHNLx6K3R7R7u7wAuj10jTjYBHrsNvmXvZWFZrbNv0ym',3,'2021-10-26 18:20:26','2021-10-26 18:20:26'),
('04191195','$2a$10$5Axoo0ikhJLfkHeqn3DvaOWxOEJBHYYVPnpKWVUoeRtI6H9d0dtdm',3,'2021-10-26 16:57:50','2021-10-26 16:57:50'),
('04191198','$2a$10$tje74P/XmQvawCE5Blq5sOQUTplxjqjADKkrvfwNMWY.zKKXdTk5u',3,'2021-10-26 16:57:50','2021-10-26 16:57:50'),
('04191207','$2a$10$pv/1rOphZjgQsCe5ZO93QOLR/HjH.h2ChfTk9zcRIvlgsud2CEeV.',3,'2021-10-26 16:51:52','2021-10-26 16:51:52'),
('04191215','$2a$10$VFflgR5g/dWM1Oq6RocVPOncTfONuc9lBh6kfxgi.7wjFCwVwF8Mi',3,'2021-10-26 16:51:52','2021-10-29 10:01:47'),
('04191216','$2a$10$Lupear0LpYxjqk5J6XR43.itTyuxrMsmmlcNTtQAyPOoyleRzTpQS',3,'2021-10-26 16:57:51','2021-10-26 16:57:51'),
('04191221','$2a$10$NCT78h/V/kVsJj5IS2GkGuM1yJ5WRSY14u/x/liysunpZlEa/XMb6',3,'2021-10-26 18:20:26','2021-10-26 18:20:26'),
('04191230','$2a$10$RTUoDbERO6ihFBJZKk0Ky.htdUS41Q4BqBsRazS974jJOvbR5j9hW',3,'2021-10-26 16:57:51','2021-10-26 16:57:51'),
('04191232','$2a$10$/vd8xeYi2ToZbNK74.I4cOtr/xMtQKmcEAn563EXEXJWsuo2wCfZe',3,'2021-10-26 16:57:51','2021-10-26 16:57:51'),
('04191233','$2a$10$bIpPRDuwGwgk59nWV47L1ewPi8ettja0OKL1iaQwSVPOarTbJdWs6',3,'2021-10-26 16:57:51','2021-10-26 16:57:51'),
('04191235','$2a$10$DdjyTZQudKi6OqCGQYnOOeCswv3kGQGIEmrhc//B9bor83yZIh6RS',3,'2021-10-26 16:57:51','2021-10-26 16:57:51'),
('04191238','$2a$10$57s4Dj3oSk5FXkjae6/DHeCPlZP6aGheZsYnJIM8Ud5prh/r9N.lS',3,'2021-10-26 18:20:26','2021-10-26 18:20:26'),
('04191244','$2a$10$J7hF23woescFaDX7WUldYO.xX6iNHGQXCm44lwZRO6UUMS4kRfvr2',3,'2021-10-26 16:57:51','2021-10-29 19:21:41'),
('04191246','$2a$10$1E2Wu3PBbEjyr1Lymime2OG2ODKquXpBIAhje8pa.y6u/nDKo4kt6',3,'2021-10-26 16:57:51','2021-10-26 16:57:51'),
('04191247','$2a$10$5D1EqsS25vA2OrcJPJkG6OzEjIyf/a5q28raDqoM9KcFRnX12O7Ka',3,'2021-10-26 16:51:52','2021-10-26 16:51:52'),
('04191251','$2a$10$pcl5SlkbhSkDFARXYFBiFOyXM5qKkcUr1lwXVvCgUHjnlzXvYoOSS',3,'2021-10-26 16:51:52','2021-10-26 16:51:52'),
('04191253','$2a$10$jD5Lz2B1wvkB.6czcIMj9.CNjY.lNu23Brz3GnXQc/BuWNbeJzWKe',3,'2021-10-26 16:57:51','2021-10-26 16:57:51'),
('04191254','$2a$10$NnCun0opJRAvH2w3bRchgeI6S1EzR8YTqrBS4qbq.068LQpdsd4Ge',3,'2021-10-26 16:57:51','2021-10-26 16:57:51'),
('04191255','$2a$10$p96iK81oKZ4rL3D1Y2kVve3jiLqNnC5kRpEfmmZ3VDJb79VBqRbnm',3,'2021-10-26 18:20:26','2021-10-29 09:59:58'),
('04191260','$2a$10$WPgKcdzjkxLVcWWcP1X5Au1ehMrBEo6GRgQLfdkKMtnO1jhMGhInK',3,'2021-10-26 18:20:27','2021-10-29 11:08:00'),
('04191262','$2a$10$vmdD36Snk8wbVdH6dIPIlOJMo3dOQOwltjOhNuEnM2AZQih0P4/G6',3,'2021-10-26 16:51:52','2021-10-26 16:51:52'),
('04191263','$2a$10$Glt67ooKIBXitCTCNLQRR.E8Zj1VxhEzM2loPYZzbsMqBYMGq9IeC',3,'2021-10-26 16:51:53','2021-10-26 16:51:53'),
('04191272','$2a$10$aeq595ikk57kPH9Thul/Q.xBwDFrNfNn59PM6w29aHWlrhbmVkJB6',3,'2021-10-26 18:20:27','2021-10-26 18:20:27'),
('04191273','$2a$10$Q.PA.iR047dw42ynm4Xpde6yKzYbGe6P3DRodFoFNsydl3BYtH1qq',3,'2021-10-26 16:51:53','2021-10-26 16:51:53'),
('04191278','$2a$10$pIEOpPxorvkvip3sC21H1OgRM6H0wLO.NtojHEYprRM4Upf.E9asW',3,'2021-10-26 18:20:27','2021-10-26 18:20:27'),
('04191280','$2a$10$9tUZASSzFd1GYMk2e6c4pe3N/AuG1204VAofyPWdLGq7Q9Sfp6nB2',3,'2021-10-26 18:20:27','2021-10-26 18:20:27'),
('04191299','$2a$10$je8XSKsz09QxdSADuYLLZ.AyzVSd6QlWiKV1NR3qxDvXGZ4YDr7bi',3,'2021-10-26 18:20:27','2021-10-26 18:20:27'),
('04191302','$2a$10$JXeLougA7aY5zeOfpSZyq.82yWtPCEoRM50XP1TJHRXgkKSWkKuD.',3,'2021-10-26 18:20:28','2021-10-26 18:20:28'),
('04191306','$2a$10$9bmXdp4O2BtBAlFHDOLPoe1.cuLIxMhKKr4Dfu/KZRqg3HMtmvate',3,'2021-10-26 16:57:51','2021-10-26 16:57:51'),
('04191310','$2a$10$WMeXyRWqgsEuT6huxo1/DeA7RB3A250Xn0LyjD6kwdNaYek/qQ5pq',3,'2021-10-26 16:51:53','2021-10-26 16:51:53'),
('04191315','$2a$10$U81b6jh9uLzdj29biFtirOsBWl5WvT9nHju1JNixcYezg.tFiTCQm',3,'2021-10-26 16:57:52','2021-10-26 16:57:52'),
('04191322','$2a$10$pw.LHrX4WAtEYeckk4GqZOnkJAVjfDDa8G2qCU4hWus14P4xACgyy',3,'2021-10-26 18:20:28','2021-10-26 18:20:28'),
('04191324','$2a$10$TGFtikbSYKU7lS3ichVxlePgj4cE6lmQVNEnu3K86bI9pX4hImM6e',3,'2021-10-26 18:20:28','2021-10-26 18:20:28'),
('04191332','$2a$10$wqFNG9GySuObI4n4ahqo.eUQxco.GxIBM19mXyS.CE6J6SJjLPeN2',3,'2021-10-26 16:57:52','2021-10-26 16:57:52'),
('04191336','$2a$10$RQLT7RK7BvniOYIYA/am9ucQ3cbyldZKYSlofTEBFCbrjtC/BVRhS',3,'2021-10-26 16:51:53','2021-10-26 16:51:53'),
('04191343','$2a$10$SmuptdJsGJcHKUGFMkh86eqKeI8iRcUR8/LAk86tA.pV3oDST3plq',3,'2021-10-26 18:20:28','2021-10-26 18:20:28'),
('04191345','$2a$10$dv2oFSbusKgqUPg0a.yks.sIC7XAHYPSDqQ/g3lF.LV6xZT.vQZVO',3,'2021-10-26 18:20:28','2021-10-26 18:20:28'),
('04191357','$2a$10$/igE2mF0DinPRqGjcdbVXOxIN8UWABGkoMXrIwvUPU8k26QWh3WSW',3,'2021-10-26 16:51:53','2021-10-26 16:51:53'),
('04191360','$2a$10$NtS.lFX4bnjUBDXh8zBDJu4nYAP0/t3Ac3qdtS9.FIfpA4zA8CLdW',3,'2021-10-26 18:20:28','2021-10-26 18:20:28'),
('04191362','$2a$10$GhPT4Y6I3lk/vLHF7okA7eE84SZXU19dMMFthLMdaLaTTfbGsh/PK',3,'2021-10-26 16:57:52','2021-10-26 16:57:52'),
('04191368','$2a$10$3TLmPyLs9Si/IHXj3YH6Q.jpxUupJfz4Zd4aB7aEpnUo.FviaUTdm',3,'2021-10-26 16:57:52','2021-10-29 19:01:25'),
('04191371','$2a$10$NPuplb.ao.FIPWhI5SEJ0uPevFZ0xkVi8myfD8rxE9rZvd66rqfm2',3,'2021-10-26 18:20:28','2021-10-26 18:20:28'),
('04191373','$2a$10$MpBaKK3XCV5Y.aiVAxSku.UcdUc2y6tGgjFypQbfutHY.Alnz5vay',3,'2021-10-26 18:20:28','2021-10-26 18:20:28'),
('04191383','$2a$10$XLqr0a.mnQos4ZTFYiYgtuHlJ2i2ufA/1TILo3CdavXOaTrfJlnO6',3,'2021-10-26 18:22:18','2021-10-29 14:03:09'),
('04191387','$2a$10$w.gMpZmW82q5qZQE0pyKuOJRil8LfZeLUVVMlrRSwXoew/PsguVoa',3,'2021-10-26 18:20:28','2021-10-26 18:20:28'),
('04191389','$2a$10$LQIzIXd0tcm/SHRz7nOTPelMUnGkavbPjHVoKdXydWVyfpza1Y4dG',3,'2021-10-26 16:51:53','2021-10-26 16:51:53'),
('04191391','$2a$10$lN1s1HRcyz7aydYDWDMc9.UAnvI9OI7UnP70bm26xKHEfRlbHldxK',3,'2021-10-26 18:20:29','2021-10-26 18:20:29'),
('04191394','$2a$10$2K5GXZazjXGCWVmFJipmIutKUckH0aHC2Ju9rk5uRgaVCSk9B/uiy',3,'2021-10-26 18:20:29','2021-10-26 18:20:29'),
('04191402','$2a$10$rzv9OcyNs2ZrifJCVswGx.pKMcQmKJmlluY6xBinG1bCxvCmpq8tG',3,'2021-10-26 16:57:52','2021-10-26 16:57:52'),
('04191405','$2a$10$jtrkIPwT5E9SvnCI/KF49u55SmH8Zj9mGtnqaL0ngeZUPuZ2C8dh.',3,'2021-10-26 18:20:29','2021-10-26 18:20:29'),
('04191409','$2a$10$LoecYCoPtBiMqL0QVZiCdO67YNJZqjqzyB81B6.OIFG22TRMw36mq',3,'2021-10-26 16:51:53','2021-10-26 16:51:53'),
('04191418','$2a$10$716z0DTYxzTrRnorJkuLzusw3oW4boKfnW.H2AKd3Lat0GRZ/7RSG',3,'2021-10-26 16:57:52','2021-10-26 16:57:52'),
('04191419','$2a$10$.gXtXo2QRW8U8gQoDNPHnOquzbts2uRS/jNcmd/StCjtLrdTrprbG',3,'2021-10-26 16:51:53','2021-10-26 16:51:53'),
('04191426','$2a$10$YCvEqgdilmfbG4wN19vWhenpAczHTuEb0yD8fJCCk3V88T8Keey7O',3,'2021-10-26 16:57:52','2021-10-26 16:57:52'),
('04191429','$2a$10$xljraVOMsNiArJsxVztvmeIu5cWXGZ3FqD8mwmsvXfldCDEKOUoLC',3,'2021-10-26 16:51:53','2021-10-26 16:51:53'),
('04191430','$2a$10$bCIQBrJ1IqVs40eoKg785evDXLKLWgVySVv/vQ8hhko9Qvc./Eogm',3,'2021-10-26 16:51:54','2021-11-03 15:08:50'),
('04191433','$2a$10$j9Klj1wIh8hBC74zdfpozurQh3uPr2zXLaq6nZfs4MV04xgzmmqTW',3,'2021-10-26 16:51:54','2021-10-26 16:51:54'),
('04191435','$2a$10$gZApiU0Vh4Joy8JGV/90Gul.sXj.cWLGWKZfJfvTTd4/4/24i7Xwy',3,'2021-10-26 16:51:54','2021-10-26 16:51:54'),
('04191436','$2a$10$9n0Szy.7DBjAjoW.6XWNauNLG14cYXjyh4vX0PY313H8gXNFQvc7.',3,'2021-10-26 16:51:54','2021-10-26 16:51:54'),
('04191449','$2a$10$G13G70pfTUApVfNLqdGJpOLQZZYFPvqUQbnDBiRLpvFEpbUPzngLe',3,'2021-10-26 16:51:54','2021-10-26 16:51:54'),
('04191450','$2a$10$WIJNnriUxpYbkfDgRNdVieHE.7hDTOk3jqTse63lfbSit5EDBd3Te',3,'2021-10-26 16:57:52','2021-10-26 16:57:52'),
('04191459','$2a$10$pe/eC2x4KuMlD/em4/K0j.p/XZx8Xy.rD15W7lMJVmiZPmSvJ9VMy',3,'2021-10-26 16:57:52','2021-10-26 16:57:52'),
('04191460','$2a$10$FgSDUB2UHgFNbBsTjbW6B.jpDORKnAdkZnOFpXHzPoPQ8gMcfvMMa',3,'2021-10-26 16:57:53','2021-10-26 16:57:53'),
('04191461','$2a$10$9Lg6wImVRw0CYlWoaTP.E.WDZvsOk3r/L5ci9h7BNJXa6zwBnEnXm',3,'2021-10-26 16:57:53','2021-10-26 16:57:53'),
('04191465','$2a$10$aJCwXfUHixn0sNGxG5ruCuaQg1zaSMxzNAbTc89gFJQT7m92SUEs2',3,'2021-10-26 18:20:29','2021-10-26 18:20:29'),
('04191466','$2a$10$MEzRmvyCG9r3Uw98usmw7unEd7rZIxyh7n1l3jwDwDUGiPcgt1dtu',3,'2021-10-26 16:51:54','2021-10-26 16:51:54'),
('04191486','$2a$10$9uE/rr1M/17Wd125Lz3iN.z/tfzsoHiL/r0ivBCL.jSgRWjT8M0g6',3,'2021-10-26 18:22:17','2021-10-26 18:22:17'),
('04191510','$2a$10$rS/GQ99FWcaTpT1uaeQAv.8PMevqLjAkWEFN/XYGeR5MOhsThxy6W',3,'2021-10-26 18:20:29','2021-11-03 22:39:53'),
('04191512','$2a$10$fu82dPa2mToW/Wn5rOXHyOZDJEDtdK.sn5JkitiuaQYhmaMAPq2iq',3,'2021-10-26 16:51:54','2021-10-26 16:51:54'),
('04191514','$2a$10$YZXpkIll8m41kc857Mtxc.ecnNkiqyITXLe2DjBVmsIUFoshtwYUm',3,'2021-10-26 16:57:53','2021-10-26 16:57:53'),
('04191515','$2a$10$.jMpcZdZnke6QBGu85du9eBlJZH2/s4wstPW4SMLGHAEF9COnf.Xy',3,'2021-10-26 18:20:29','2021-10-26 18:20:29'),
('04191534','$2a$10$ekujG3SHLxYthDB5qlWTne1YlZHeKBml1pmrY8Ym8Wx15Fijxl7ri',3,'2021-10-26 16:51:54','2021-10-26 16:51:54'),
('04191538','$2a$10$34LUfNLkLzThexsmz9y4MuyfvMBSuL4MpWUPvsSJ.KJn1YCXo6q3.',3,'2021-10-26 18:22:17','2021-10-26 18:22:17'),
('04191540','$2a$10$j0Pg7Mty0inDuIRA0fFt3urbJSy61IBLOHsgtaGJP/k48a5odCuES',3,'2021-10-26 18:22:17','2021-10-26 18:22:17'),
('05191617','$2a$10$hgTVNxUd5snSsI7Yxd3Yq.DrcV2O/oBJXxr.cKFT.GC1Nom/Z5aKu',3,'2021-10-26 16:57:53','2021-10-26 16:57:53'),
('06192124','$2a$10$7NgkNlF4ZIRlgMoZt2JcaOA3zdsnS5H797.Ig4XSio81NDSIZcpty',3,'2021-10-26 16:51:54','2021-10-26 16:51:54'),
('06192206','$2a$10$TwvJpXIONdp8MPCBNeZ5XedW81/BidF6vhXcxBve.0SKhGlurWWV2',3,'2021-10-26 16:57:53','2021-10-26 16:57:53'),
('09193322','$2a$10$hkFZ1pJLAbAk66tBCKwo1u4jFd1x21yOXSsqFgXFWLNBxMylfXVqa',3,'2021-10-26 16:57:53','2021-10-26 16:57:53'),
('14194469','$2a$10$pS91DF5fVK.Y1VS9r.9XqO7.q390zCv.tByxCFvJyt2hZ3vsxjKuG',3,'2021-10-26 18:22:18','2021-10-26 18:22:18'),
('14194471','$2a$10$GjEMyCa7jXLxY0SPJ/dxXuPHYwcyhE58cEBNFC.uDAsfpUfAh3rPa',3,'2021-10-26 16:57:53','2021-10-26 16:57:53'),
('17195164','$2a$10$be1S5QJSvL9s9Tyub7HV4eHVgAtx.Va78xg9fGsbk55Gz86hMdTda',3,'2021-10-26 18:20:29','2021-10-26 18:20:29'),
('17195273','$2a$10$P.nXsAQNRWrywyqltN68UeKIqkj/JhSM2FFDBVynnfYaXeL.uWpSG',3,'2021-10-26 18:22:17','2021-10-26 18:22:17');

/*Data for the table `t_work_result` */

insert  into `t_work_result`(`id`,`work_id`,`work_first_id`,`work_second_id`,`work_result`) values 
(5976,29,629,627,'0'),
(5978,29,635,627,'0'),
(5979,29,635,629,'0'),
(5989,29,637,627,'33.4'),
(5990,29,637,629,'0'),
(5991,29,637,635,'0'),
(5993,29,646,627,'0'),
(5994,29,646,629,'0'),
(5995,29,646,635,'0'),
(5996,29,646,637,'0'),
(5998,29,660,627,'0'),
(5999,29,660,629,'3.0'),
(6000,29,660,635,'0'),
(6001,29,660,637,'0'),
(6002,29,660,646,'0'),
(6004,29,672,627,'0'),
(6005,29,672,629,'4.7'),
(6006,29,672,635,'0'),
(6007,29,672,637,'0'),
(6008,29,672,646,'6.3'),
(6009,29,672,660,'0'),
(6027,29,621,627,'44.1'),
(6028,29,621,629,'0'),
(6029,29,621,635,'0'),
(6030,29,621,637,'67.1'),
(6031,29,621,646,'0'),
(6032,29,621,660,'0'),
(6033,29,621,672,'0'),
(6071,29,645,621,'0'),
(6072,29,645,627,'0'),
(6073,29,645,629,'4.7'),
(6074,29,645,635,'0'),
(6075,29,645,637,'0'),
(6076,29,645,646,'0'),
(6078,29,645,660,'0'),
(6079,29,645,672,'0'),
(6099,29,656,621,'9.1'),
(6100,29,656,627,'0'),
(6101,29,656,629,'0'),
(6102,29,656,635,'0'),
(6103,29,656,637,'0'),
(6104,29,656,645,'0'),
(6105,29,656,646,'0'),
(6106,29,656,660,'0'),
(6107,29,656,672,'0'),
(6138,29,654,621,'26.5'),
(6139,29,654,627,'16.2'),
(6140,29,654,629,'0'),
(6141,29,654,635,'0'),
(6142,29,654,637,'19.6'),
(6143,29,654,645,'0'),
(6144,29,654,646,'0'),
(6146,29,654,656,'74.1'),
(6147,29,654,660,'0'),
(6148,29,654,672,'0'),
(6154,29,651,621,'66.6'),
(6155,29,651,627,'22.1'),
(6156,29,651,629,'0'),
(6157,29,651,635,'0'),
(6158,29,651,637,'37.9'),
(6159,29,651,645,'0'),
(6160,29,651,646,'0'),
(6162,29,651,654,'26.3'),
(6163,29,651,656,'10.0'),
(6164,29,651,660,'0'),
(6165,29,651,672,'0'),
(6167,29,622,621,'65.1'),
(6168,29,622,627,'12.1'),
(6169,29,622,629,'0'),
(6170,29,622,635,'0'),
(6171,29,622,637,'61.5'),
(6172,29,622,645,'0'),
(6173,29,622,646,'0'),
(6175,29,622,651,'35.1'),
(6176,29,622,654,'18.6'),
(6177,29,622,656,'0'),
(6178,29,622,660,'5.3'),
(6179,29,622,672,'0'),
(6196,29,647,621,'15.4'),
(6197,29,647,622,'0'),
(6198,29,647,627,'0'),
(6199,29,647,629,'0'),
(6200,29,647,635,'21.5'),
(6201,29,647,637,'0'),
(6202,29,647,645,'0'),
(6203,29,647,646,'0'),
(6204,29,647,651,'13.4'),
(6205,29,647,654,'5.2'),
(6206,29,647,656,'6.4'),
(6207,29,647,660,'0'),
(6208,29,647,672,'0'),
(6225,29,677,621,'0'),
(6226,29,677,622,'0'),
(6227,29,677,627,'0'),
(6228,29,677,629,'5.3'),
(6229,29,677,635,'0'),
(6230,29,677,637,'0'),
(6231,29,677,645,'0'),
(6232,29,677,646,'0'),
(6233,29,677,647,'0'),
(6234,29,677,651,'0'),
(6235,29,677,654,'0'),
(6236,29,677,656,'0'),
(6237,29,677,660,'0'),
(6238,29,677,672,'8.2'),
(6240,29,582,621,'65.5'),
(6241,29,582,622,'40.5'),
(6242,29,582,627,'28.7'),
(6243,29,582,629,'0'),
(6244,29,582,635,'27.0'),
(6245,29,582,637,'40.2'),
(6246,29,582,645,'0'),
(6247,29,582,646,'0'),
(6248,29,582,647,'44.6'),
(6249,29,582,651,'46.2'),
(6250,29,582,654,'25.0'),
(6251,29,582,656,'7.7'),
(6252,29,582,660,'0'),
(6253,29,582,672,'6.9'),
(6254,29,582,677,'0'),
(6255,29,649,582,'0'),
(6257,29,649,621,'0'),
(6258,29,649,622,'0'),
(6259,29,649,627,'0'),
(6260,29,649,629,'0'),
(6261,29,649,635,'0'),
(6262,29,649,637,'0'),
(6263,29,649,645,'0'),
(6264,29,649,646,'0'),
(6265,29,649,647,'0'),
(6266,29,649,651,'0'),
(6267,29,649,654,'0'),
(6268,29,649,656,'0'),
(6269,29,649,660,'0'),
(6270,29,649,672,'0'),
(6271,29,649,677,'0'),
(6313,29,620,582,'0'),
(6315,29,620,621,'0'),
(6316,29,620,622,'0'),
(6317,29,620,627,'0'),
(6318,29,620,629,'0'),
(6319,29,620,635,'0'),
(6320,29,620,637,'0'),
(6321,29,620,645,'0'),
(6322,29,620,646,'0'),
(6323,29,620,647,'0'),
(6324,29,620,649,'0'),
(6325,29,620,651,'0'),
(6326,29,620,654,'0'),
(6327,29,620,656,'0'),
(6328,29,620,660,'0'),
(6329,29,620,672,'0'),
(6330,29,620,677,'0'),
(6373,29,617,582,'0'),
(6376,29,617,620,'0'),
(6377,29,617,621,'0'),
(6378,29,617,622,'0'),
(6379,29,617,627,'0'),
(6380,29,617,629,'4.2'),
(6381,29,617,635,'0'),
(6382,29,617,637,'0'),
(6383,29,617,645,'0'),
(6384,29,617,646,'17.1'),
(6385,29,617,647,'0'),
(6386,29,617,649,'0'),
(6387,29,617,651,'0'),
(6388,29,617,654,'0'),
(6389,29,617,656,'0'),
(6390,29,617,660,'0'),
(6391,29,617,672,'0'),
(6392,29,617,677,'0'),
(6398,29,661,582,'0'),
(6401,29,661,617,'0'),
(6402,29,661,620,'0'),
(6403,29,661,621,'0'),
(6404,29,661,622,'8.2'),
(6405,29,661,627,'0'),
(6406,29,661,629,'3.8'),
(6407,29,661,635,'0'),
(6408,29,661,637,'0'),
(6409,29,661,645,'0'),
(6410,29,661,646,'0'),
(6411,29,661,647,'0'),
(6412,29,661,649,'0'),
(6413,29,661,651,'0'),
(6414,29,661,654,'0'),
(6415,29,661,656,'0'),
(6416,29,661,660,'65.8'),
(6417,29,661,672,'0'),
(6418,29,661,677,'0'),
(6466,29,606,582,'0'),
(6467,29,606,617,'0'),
(6468,29,606,620,'0'),
(6469,29,606,621,'0'),
(6470,29,606,622,'0'),
(6471,29,606,627,'0'),
(6472,29,606,629,'0'),
(6473,29,606,635,'0'),
(6474,29,606,637,'0'),
(6475,29,606,645,'0'),
(6476,29,606,646,'0'),
(6477,29,606,647,'0'),
(6478,29,606,649,'0'),
(6479,29,606,651,'0'),
(6480,29,606,654,'0'),
(6481,29,606,656,'4.5'),
(6482,29,606,660,'0'),
(6483,29,606,661,'0'),
(6484,29,606,672,'0'),
(6485,29,606,677,'0'),
(6562,29,665,582,'16.8'),
(6563,29,665,606,'0'),
(6564,29,665,617,'0'),
(6565,29,665,620,'0'),
(6566,29,665,621,'19.3'),
(6567,29,665,622,'11.7'),
(6568,29,665,627,'18.9'),
(6569,29,665,629,'0'),
(6570,29,665,635,'0'),
(6571,29,665,637,'20.1'),
(6572,29,665,645,'0'),
(6573,29,665,646,'0'),
(6574,29,665,647,'0'),
(6575,29,665,649,'0'),
(6576,29,665,651,'18.3'),
(6577,29,665,654,'14.7'),
(6578,29,665,656,'0'),
(6579,29,665,660,'0'),
(6580,29,665,661,'0'),
(6581,29,665,672,'0'),
(6582,29,665,677,'0'),
(6632,29,597,582,'0'),
(6633,29,597,606,'0'),
(6635,29,597,617,'0'),
(6636,29,597,620,'0'),
(6637,29,597,621,'0'),
(6638,29,597,622,'0'),
(6639,29,597,627,'0'),
(6640,29,597,629,'0'),
(6641,29,597,635,'0'),
(6642,29,597,637,'0'),
(6643,29,597,645,'0'),
(6644,29,597,646,'0'),
(6645,29,597,647,'0'),
(6646,29,597,649,'0'),
(6647,29,597,651,'0'),
(6648,29,597,654,'0'),
(6649,29,597,656,'0'),
(6650,29,597,660,'0'),
(6651,29,597,661,'0'),
(6652,29,597,665,'0'),
(6653,29,597,672,'0'),
(6654,29,597,677,'0'),
(6763,29,616,582,'0'),
(6764,29,616,597,'0'),
(6766,29,616,606,'0'),
(6768,29,616,617,'43.4'),
(6769,29,616,620,'0'),
(6770,29,616,621,'0'),
(6771,29,616,622,'7.3'),
(6772,29,616,627,'0'),
(6773,29,616,629,'4.0'),
(6774,29,616,635,'0'),
(6775,29,616,637,'0'),
(6776,29,616,645,'0'),
(6777,29,616,646,'0'),
(6778,29,616,647,'0'),
(6779,29,616,649,'0'),
(6780,29,616,651,'0'),
(6781,29,616,654,'0'),
(6782,29,616,656,'0'),
(6783,29,616,660,'0'),
(6784,29,616,661,'0'),
(6785,29,616,665,'0'),
(6786,29,616,672,'0'),
(6787,29,616,677,'0'),
(6860,29,640,582,'0'),
(6861,29,640,597,'0'),
(6863,29,640,606,'0'),
(6864,29,640,616,'0'),
(6865,29,640,617,'0'),
(6866,29,640,620,'0'),
(6867,29,640,621,'0'),
(6868,29,640,622,'0'),
(6869,29,640,627,'0'),
(6870,29,640,629,'0'),
(6871,29,640,635,'0'),
(6872,29,640,637,'0'),
(6873,29,640,645,'0'),
(6874,29,640,646,'0'),
(6875,29,640,647,'0'),
(6876,29,640,649,'0'),
(6877,29,640,651,'0'),
(6878,29,640,654,'0'),
(6879,29,640,656,'0'),
(6880,29,640,660,'0'),
(6881,29,640,661,'0'),
(6882,29,640,665,'0'),
(6883,29,640,672,'0'),
(6884,29,640,677,'0'),
(7171,29,600,582,'12.2'),
(7172,29,600,597,'9.8'),
(7173,29,600,606,'0'),
(7174,29,600,616,'0'),
(7175,29,600,617,'0'),
(7176,29,600,620,'0'),
(7177,29,600,621,'14.4'),
(7178,29,600,622,'0'),
(7179,29,600,627,'11.8'),
(7180,29,600,629,'0'),
(7181,29,600,635,'0'),
(7182,29,600,637,'0'),
(7183,29,600,640,'0'),
(7184,29,600,645,'0'),
(7185,29,600,646,'0'),
(7186,29,600,647,'0'),
(7187,29,600,649,'0'),
(7188,29,600,651,'0'),
(7189,29,600,654,'0'),
(7190,29,600,656,'0'),
(7191,29,600,660,'0'),
(7192,29,600,661,'0'),
(7193,29,600,665,'0'),
(7194,29,600,672,'0'),
(7195,29,600,677,'10.7'),
(7196,29,583,582,'51.4'),
(7197,29,583,597,'0'),
(7198,29,583,606,'0'),
(7199,29,583,616,'0'),
(7200,29,583,617,'0'),
(7201,29,583,620,'0'),
(7202,29,583,621,'0'),
(7203,29,583,622,'0'),
(7204,29,583,627,'0'),
(7205,29,583,629,'0'),
(7206,29,583,635,'47.2'),
(7207,29,583,637,'0'),
(7208,29,583,640,'0'),
(7209,29,583,645,'0'),
(7210,29,583,646,'0'),
(7211,29,583,647,'43.1'),
(7212,29,583,649,'0'),
(7213,29,583,651,'0'),
(7214,29,583,654,'0'),
(7215,29,583,656,'0'),
(7216,29,583,660,'0'),
(7217,29,583,661,'0'),
(7218,29,583,665,'0'),
(7219,29,583,672,'0'),
(7220,29,583,677,'0'),
(7229,29,599,582,'8.7'),
(7230,29,599,597,'50.0'),
(7231,29,599,600,'23.1'),
(7232,29,599,606,'0'),
(7233,29,599,616,'0'),
(7234,29,599,617,'0'),
(7235,29,599,620,'0'),
(7236,29,599,621,'10.4'),
(7237,29,599,622,'0'),
(7238,29,599,627,'12.0'),
(7239,29,599,629,'0'),
(7240,29,599,635,'0'),
(7241,29,599,637,'0'),
(7242,29,599,640,'0'),
(7243,29,599,645,'0'),
(7244,29,599,646,'12.0'),
(7245,29,599,647,'0'),
(7246,29,599,649,'0'),
(7247,29,599,651,'0'),
(7248,29,599,654,'0'),
(7249,29,599,656,'0'),
(7250,29,599,660,'0'),
(7251,29,599,661,'0'),
(7252,29,599,665,'0'),
(7253,29,599,672,'0'),
(7254,29,599,677,'0'),
(7376,29,615,582,'0'),
(7377,29,615,583,'0'),
(7378,29,615,597,'0'),
(7379,29,615,599,'0'),
(7380,29,615,600,'7.1'),
(7381,29,615,606,'0'),
(7382,29,615,616,'59.5'),
(7383,29,615,617,'7.2'),
(7384,29,615,620,'0'),
(7385,29,615,621,'0'),
(7386,29,615,622,'7.5'),
(7387,29,615,627,'0'),
(7388,29,615,629,'4.4'),
(7389,29,615,635,'0'),
(7390,29,615,637,'0'),
(7391,29,615,640,'0'),
(7392,29,615,645,'0'),
(7393,29,615,646,'0'),
(7394,29,615,647,'0'),
(7395,29,615,649,'0'),
(7396,29,615,651,'0'),
(7397,29,615,654,'0'),
(7398,29,615,656,'0'),
(7399,29,615,660,'0'),
(7400,29,615,661,'0'),
(7401,29,615,665,'0'),
(7402,29,615,672,'6.3'),
(7403,29,615,677,'52.5'),
(7467,29,596,582,'23.2'),
(7468,29,596,583,'0'),
(7469,29,596,597,'16.3'),
(7470,29,596,599,'26.3'),
(7471,29,596,600,'43.1'),
(7472,29,596,606,'0'),
(7473,29,596,615,'0'),
(7474,29,596,616,'0'),
(7475,29,596,617,'0'),
(7476,29,596,620,'0'),
(7477,29,596,621,'27.9'),
(7478,29,596,622,'0'),
(7479,29,596,627,'34.6'),
(7480,29,596,629,'0'),
(7481,29,596,635,'0'),
(7482,29,596,637,'11.7'),
(7483,29,596,640,'0'),
(7484,29,596,645,'0'),
(7485,29,596,646,'0'),
(7486,29,596,647,'0'),
(7487,29,596,649,'0'),
(7488,29,596,651,'0'),
(7489,29,596,654,'8.2'),
(7490,29,596,656,'0'),
(7491,29,596,660,'6.3'),
(7492,29,596,661,'0'),
(7493,29,596,665,'11.9'),
(7494,29,596,672,'0'),
(7495,29,596,677,'0'),
(7593,29,673,582,'0'),
(7594,29,673,583,'0'),
(7595,29,673,596,'5.0'),
(7596,29,673,597,'0'),
(7597,29,673,599,'0'),
(7598,29,673,600,'0'),
(7599,29,673,606,'0'),
(7601,29,673,615,'0'),
(7602,29,673,616,'4.0'),
(7603,29,673,617,'0'),
(7604,29,673,620,'0'),
(7605,29,673,621,'0'),
(7606,29,673,622,'4.3'),
(7607,29,673,627,'0'),
(7608,29,673,629,'5.4'),
(7609,29,673,635,'0'),
(7610,29,673,637,'0'),
(7611,29,673,640,'0'),
(7612,29,673,645,'0'),
(7613,29,673,646,'0'),
(7614,29,673,647,'0'),
(7615,29,673,649,'0'),
(7616,29,673,651,'0'),
(7617,29,673,654,'0'),
(7618,29,673,656,'0'),
(7619,29,673,660,'53.2'),
(7620,29,673,661,'16.7'),
(7621,29,673,665,'0'),
(7622,29,673,672,'0'),
(7623,29,673,677,'0'),
(7624,29,609,582,'0'),
(7625,29,609,583,'0'),
(7626,29,609,596,'0'),
(7627,29,609,597,'0'),
(7628,29,609,599,'0'),
(7629,29,609,600,'0'),
(7630,29,609,606,'0'),
(7632,29,609,615,'0'),
(7633,29,609,616,'0'),
(7634,29,609,617,'0'),
(7635,29,609,620,'0'),
(7636,29,609,621,'0'),
(7637,29,609,622,'0'),
(7638,29,609,627,'0'),
(7639,29,609,629,'0'),
(7640,29,609,635,'0'),
(7641,29,609,637,'0'),
(7642,29,609,640,'0'),
(7643,29,609,645,'0'),
(7644,29,609,646,'0'),
(7645,29,609,647,'0'),
(7646,29,609,649,'0'),
(7647,29,609,651,'0'),
(7648,29,609,654,'0'),
(7649,29,609,656,'0'),
(7650,29,609,660,'0'),
(7651,29,609,661,'0'),
(7652,29,609,665,'0'),
(7653,29,609,672,'0'),
(7654,29,609,677,'0'),
(7751,29,584,582,'0'),
(7752,29,584,583,'0'),
(7753,29,584,596,'0'),
(7754,29,584,597,'0'),
(7756,29,584,599,'0'),
(7757,29,584,600,'0'),
(7758,29,584,606,'0'),
(7759,29,584,609,'0'),
(7761,29,584,615,'0'),
(7762,29,584,616,'0'),
(7763,29,584,617,'0'),
(7764,29,584,620,'0'),
(7765,29,584,621,'0'),
(7766,29,584,622,'0'),
(7767,29,584,627,'0'),
(7768,29,584,629,'0'),
(7769,29,584,635,'0'),
(7770,29,584,637,'0'),
(7771,29,584,640,'0'),
(7772,29,584,645,'0'),
(7773,29,584,646,'0'),
(7774,29,584,647,'0'),
(7775,29,584,649,'0'),
(7776,29,584,651,'0'),
(7777,29,584,654,'0'),
(7778,29,584,656,'0'),
(7779,29,584,660,'19.2'),
(7780,29,584,661,'0'),
(7781,29,584,665,'0'),
(7782,29,584,672,'10.8'),
(7783,29,584,673,'10.3'),
(7784,29,584,677,'0'),
(8197,29,630,582,'0'),
(8198,29,630,583,'0'),
(8199,29,630,584,'0'),
(8200,29,630,596,'0'),
(8201,29,630,597,'0'),
(8202,29,630,599,'0'),
(8203,29,630,600,'0'),
(8204,29,630,606,'0'),
(8205,29,630,609,'0'),
(8207,29,630,615,'0'),
(8208,29,630,616,'0'),
(8209,29,630,617,'0'),
(8210,29,630,620,'0'),
(8211,29,630,621,'0'),
(8212,29,630,622,'0'),
(8213,29,630,627,'0'),
(8214,29,630,629,'0'),
(8216,29,630,635,'0'),
(8217,29,630,637,'0'),
(8218,29,630,640,'0'),
(8219,29,630,645,'0'),
(8220,29,630,646,'0'),
(8221,29,630,647,'0'),
(8222,29,630,649,'0'),
(8223,29,630,651,'0'),
(8224,29,630,654,'0'),
(8225,29,630,656,'0'),
(8226,29,630,660,'0'),
(8227,29,630,661,'0'),
(8228,29,630,665,'0'),
(8229,29,630,672,'0'),
(8230,29,630,673,'0'),
(8231,29,630,677,'0'),
(8392,29,589,582,'32.2'),
(8393,29,589,583,'0'),
(8394,29,589,584,'0'),
(8396,29,589,596,'13.9'),
(8397,29,589,597,'0'),
(8398,29,589,599,'9.0'),
(8399,29,589,600,'12.5'),
(8400,29,589,606,'0'),
(8401,29,589,609,'0'),
(8402,29,589,615,'0'),
(8403,29,589,616,'0'),
(8404,29,589,617,'0'),
(8405,29,589,620,'0'),
(8406,29,589,621,'44.1'),
(8407,29,589,622,'8.7'),
(8408,29,589,627,'10.1'),
(8409,29,589,629,'0'),
(8410,29,589,630,'0'),
(8411,29,589,635,'0'),
(8412,29,589,637,'9.6'),
(8413,29,589,640,'0'),
(8414,29,589,645,'0'),
(8415,29,589,646,'0'),
(8416,29,589,647,'57.6'),
(8417,29,589,649,'0'),
(8418,29,589,651,'35.0'),
(8419,29,589,654,'6.2'),
(8420,29,589,656,'8.0'),
(8421,29,589,660,'0'),
(8422,29,589,661,'0'),
(8423,29,589,665,'0'),
(8424,29,589,672,'7.0'),
(8425,29,589,673,'0'),
(8426,29,589,677,'0'),
(8590,29,644,582,'36.3'),
(8591,29,644,583,'31.4'),
(8592,29,644,584,'8.1'),
(8594,29,644,589,'6.1'),
(8595,29,644,596,'6.2'),
(8596,29,644,597,'0'),
(8597,29,644,599,'0'),
(8598,29,644,600,'0'),
(8599,29,644,606,'0'),
(8600,29,644,609,'0'),
(8601,29,644,615,'0'),
(8602,29,644,616,'0'),
(8603,29,644,617,'0'),
(8604,29,644,620,'0'),
(8605,29,644,621,'12.0'),
(8606,29,644,622,'6.5'),
(8607,29,644,627,'16.9'),
(8608,29,644,629,'0'),
(8609,29,644,630,'0'),
(8610,29,644,635,'30.3'),
(8611,29,644,637,'12.0'),
(8612,29,644,640,'0'),
(8613,29,644,645,'0'),
(8614,29,644,646,'0'),
(8615,29,644,647,'27.9'),
(8616,29,644,649,'0'),
(8617,29,644,651,'11.6'),
(8618,29,644,654,'9.9'),
(8619,29,644,656,'0'),
(8620,29,644,660,'0'),
(8621,29,644,661,'0'),
(8622,29,644,665,'10.9'),
(8623,29,644,672,'0'),
(8624,29,644,673,'0'),
(8625,29,644,677,'0'),
(8749,29,644,582,'36.3'),
(8750,29,644,583,'31.4'),
(8751,29,644,584,'8.1'),
(8753,29,644,589,'6.1'),
(8755,29,644,596,'6.2'),
(8756,29,644,597,'0'),
(8757,29,644,599,'0'),
(8758,29,644,600,'0'),
(8760,29,644,606,'0'),
(8761,29,644,609,'0'),
(8762,29,644,615,'0'),
(8763,29,644,616,'0'),
(8764,29,644,617,'0'),
(8765,29,644,620,'0'),
(8766,29,644,621,'12.0'),
(8767,29,644,622,'6.5'),
(8768,29,644,627,'16.9'),
(8769,29,644,629,'0'),
(8770,29,644,630,'0'),
(8771,29,644,635,'30.3'),
(8772,29,644,637,'12.0'),
(8773,29,644,640,'0'),
(8774,29,644,645,'0'),
(8775,29,644,646,'0'),
(8776,29,644,647,'27.9'),
(8777,29,644,649,'0'),
(8778,29,644,651,'11.6'),
(8779,29,644,654,'9.9'),
(8780,29,644,656,'0'),
(8781,29,644,660,'0'),
(8782,29,644,661,'0'),
(8783,29,644,665,'10.9'),
(8784,29,644,672,'0'),
(8785,29,644,673,'0'),
(8786,29,644,677,'0'),
(10685,29,648,610,'54.4'),
(10711,29,611,610,'0'),
(10712,29,611,648,'0'),
(10817,29,619,610,'0'),
(10818,29,619,611,'0'),
(10819,29,619,648,'0');

/*!40101 SET SQL_MODE=@OLD_SQL_MODE */;
/*!40014 SET FOREIGN_KEY_CHECKS=@OLD_FOREIGN_KEY_CHECKS */;
/*!40014 SET UNIQUE_CHECKS=@OLD_UNIQUE_CHECKS */;
/*!40111 SET SQL_NOTES=@OLD_SQL_NOTES */;
